{
    "configurations": [
        {
            "name": "(gdb) 5-ShellP3",
            "type": "cppdbg",
            "request": "launch",
            "program": "${workspaceFolder}/5-ShellP3/starter/dsh",
            "args": [""],
            "stopAtEntry": false,
            "cwd": "${workspaceFolder}/5-ShellP3/starter",
            "environment": [],
            "externalConsole": false,
            "MIMode": "gdb",
            "setupCommands": [
                {
                    "description": "Enable pretty-printing for gdb",
                    "text": "-enable-pretty-printing",
                    "ignoreFailures": true
                },
                {
                    "description": "Set Disassembly Flavor to Intel",
                    "text": "-gdb-set disassembly-flavor intel",
                    "ignoreFailures": true
                }
            ],
            "preLaunchTask": "Build 5-ShellP3"
        }
    ]
}